CATEGORIE;PRODUIT;FORMAT;PRIX
Thés Blancs;TB Nature;20g;6€
Thés Blancs;TB Nature;50g;10.50€
Thés Blancs;TB Nature;65g;13€
Thés Blancs;TB Nature;100g;20.50€
Thés Blancs;TB Nature;500g;90€
Thés Blancs;TB Nature;1kg;180€
Thés Blancs;TB Nature;Cof. 10;8€
Thés Blancs;TB Géranium Citronnelle;20g;6€
Thés Blancs;TB Géranium Citronnelle;50g;10.50€
Thés Blancs;TB Géranium Citronnelle;65g;13€
Thés Blancs;TB Géranium Citronnelle;100g;20.50€
Thés Blancs;TB Géranium Citronnelle;500g;90€
Thés Blancs;TB Géranium Citronnelle;1kg;180€
Thés Blancs;TB Géranium Citronnelle;Cof. 10;8€
Thés Blancs;TB Cannelle;20g;6€
Thés Blancs;TB Cannelle;50g;10.50€
Thés Blancs;TB Cannelle;65g;13€
Thés Blancs;TB Cannelle;100g;20.50€
Thés Blancs;TB Cannelle;500g;90€
Thés Blancs;TB Cannelle;1kg;180€
Thés Blancs;TB Cannelle;Cof. 10;8€
Thés Blancs;TB Eucalyptus Citronnelle;20g;6€
Thés Blancs;TB Eucalyptus Citronnelle;50g;10.50€
Thés Blancs;TB Eucalyptus Citronnelle;65g;13€
Thés Blancs;TB Eucalyptus Citronnelle;100g;20.50€
Thés Blancs;TB Eucalyptus Citronnelle;500g;90€
Thés Blancs;TB Eucalyptus Citronnelle;1kg;180€
Thés Blancs;TB Eucalyptus Citronnelle;Cof. 10;8€
Thés Blancs;TB Gingembre;20g;6€
Thés Blancs;TB Gingembre;50g;10.50€
Thés Blancs;TB Gingembre;65g;19€
Thés Blancs;TB Gingembre;100g;20.50€
Thés Blancs;TB Gingembre;500g;90€
Thés Blancs;TB Gingembre;1kg;180€
Thés Blancs;TB Gingembre;Cof. 10;8€
Thés Blancs;TB Menthe;20g;6€
Thés Blancs;TB Menthe;50g;10.50€
Thés Blancs;TB Menthe;65g;19€
Thés Blancs;TB Menthe;100g;20.50€
Thés Blancs;TB Menthe;500g;90€
Thés Blancs;TB Menthe;1kg;180€
Thés Blancs;TB Menthe;Cof. 10;8€
Thés Blancs;TB Vanille;20g;9€
Thés Blancs;TB Vanille;50g;16.50€
Thés Blancs;TB Vanille;65g;23€
Thés Blancs;TB Vanille;100g;32€
Thés Blancs;TB Vanille;500g;90€
Thés Blancs;TB Vanille;1kg;180€
Thés Blancs;TB Vanille;Cof. 10;8€
Thés Blancs;TB Galabert;20g;6€
Thés Blancs;TB Galabert;50g;10.50€
Thés Blancs;TB Galabert;65g;19€
Thés Blancs;TB Galabert;100g;20.50€
Thés Blancs;TB Galabert;500g;90€
Thés Blancs;TB Galabert;1kg;180€
Thés Blancs;TB Galabert;Cof. 10;8€
Thés Blancs;TB Géranium Rosat;20g;6€
Thés Blancs;TB Géranium Rosat;50g;10.50€
Thés Blancs;TB Géranium Rosat;65g;13€
Thés Blancs;TB Géranium Rosat;100g;20.50€
Thés Blancs;TB Géranium Rosat;500g;90€
Thés Blancs;TB Géranium Rosat;1kg;180€
Thés Blancs;TB Géranium Rosat;Cof. 10;8€
Thés Blancs;TB Verveine;20g;6€
Thés Blancs;TB Verveine;50g;10.50€
Thés Blancs;TB Verveine;65g;13€
Thés Blancs;TB Verveine;100g;20.50€
Thés Blancs;TB Verveine;500g;90€
Thés Blancs;TB Verveine;1kg;180€
Thés Blancs;TB Verveine;Cof. 10;8€
Thés Blancs;TB Citronnelle;20g;6€
Thés Blancs;TB Citronnelle;50g;10.50€
Thés Blancs;TB Citronnelle;65g;13€
Thés Blancs;TB Citronnelle;100g;20.50€
Thés Blancs;TB Citronnelle;500g;90€
Thés Blancs;TB Citronnelle;1kg;180€
Thés Blancs;TB Citronnelle;Cof. 10;8€
Thés Verts;TV Nature;20g;6€
Thés Verts;TV Nature;50g;10.50€
Thés Verts;TV Nature;65g;13€
Thés Verts;TV Nature;100g;20.50€
Thés Verts;TV Nature;500g;90€
Thés Verts;TV Nature;1kg;180€
Thés Verts;TV Nature;Cof. 10;8€
Thés Verts;TV La Brisée;20g;6€
Thés Verts;TV La Brisée;50g;12.50€
Thés Verts;TV La Brisée;65g;19€
Thés Verts;TV La Brisée;100g;24.50€
Thés Verts;TV La Brisée;500g;90€
Thés Verts;TV La Brisée;1kg;180€
Thés Verts;TV La Brisée;Cof. 10;8€
Thés Verts;TV Combava;20g;6€
Thés Verts;TV Combava;50g;12.50€
Thés Verts;TV Combava;65g;19€
Thés Verts;TV Combava;100g;24.50€
Thés Verts;TV Combava;500g;90€
Thés Verts;TV Combava;1kg;180€
Thés Verts;TV Combava;Cof. 10;8€
Thés Verts;TV Citron;20g;6€
Thés Verts;TV Citron;50g;12.50€
Thés Verts;TV Citron;65g;19€
Thés Verts;TV Citron;100g;24.50€
Thés Verts;TV Citron;500g;90€
Thés Verts;TV Citron;1kg;180€
Thés Verts;TV Citron;Cof. 10;8€
Thés Verts;TV Ananas;20g;6€
Thés Verts;TV Ananas;50g;12.50€
Thés Verts;TV Ananas;65g;19€
Thés Verts;TV Ananas;100g;24.50€
Thés Verts;TV Ananas;500g;90€
Thés Verts;TV Ananas;1kg;180€
Thés Verts;TV Ananas;Cof. 10;8€
Thés Verts;TV Piment;20g;6€
Thés Verts;TV Piment;50g;12.50€
Thés Verts;TV Piment;65g;19€
Thés Verts;TV Piment;100g;24.50€
Thés Verts;TV Piment;500g;90€
Thés Verts;TV Piment;1kg;180€
Thés Verts;TV Piment;Cof. 10;8€
Thés Verts;TV Menthe Marocaine;20g;6€
Thés Verts;TV Menthe Marocaine;50g;12.50€
Thés Verts;TV Menthe Marocaine;65g;19€
Thés Verts;TV Menthe Marocaine;100g;12.50€
Thés Verts;TV Menthe Marocaine;500g;90€
Thés Verts;TV Menthe Marocaine;1kg;180€
Thés Verts;TV Menthe Marocaine;Cof. 10;8€
Thés Verts;TV Gingembre Mangue;20g;6€
Thés Verts;TV Gingembre Mangue;50g;12.50€
Thés Verts;TV Gingembre Mangue;65g;19€
Thés Verts;TV Gingembre Mangue;100g;24.50€
Thés Verts;TV Gingembre Mangue;500g;90€
Thés Verts;TV Gingembre Mangue;1kg;180€
Thés Verts;TV Gingembre Mangue;Cof. 10;8€
🏅 Grands Crus;Thé Blanc Grand Cru;20g;17€
🏅 Grands Crus;Thé Blanc Grand Cru;50g;40€
🏅 Grands Crus;Thé Vert Grand Cru;20g;17€
🏅 Grands Crus;Thé Vert Grand Cru;50g;40€
🏅 Grands Crus;Thé Noir Grand Cru;20g;17€
🏅 Grands Crus;Thé Noir Grand Cru;50g;40€
Offres Cadeaux;Coffret 6 Dosettes;Prix;5€
Offres Cadeaux;Coffret 10 Dosettes;Prix;8€
Offres Cadeaux;Coffret 20 Dosettes;Prix;15€
Offres Cadeaux;Coffret Découverte Mini gelées;Prix;8€
Thé Glacé Maison;Thé blanc & melon;25cl;3€
Thé Glacé Maison;Thé blanc & melon;1L;7€
Thé Glacé Maison;Thé blanc géranium rosat;25cl;3€
Thé Glacé Maison;Thé blanc géranium rosat;1L;7€
Thé Glacé Maison;Citronnade peï;25cl;3€
Thé Glacé Maison;Citronnade peï;1L;7€
Thé Glacé Maison;Thé vert & passion;25cl;3€
Thé Glacé Maison;Thé vert & passion;1L;7€
Thé Glacé Maison;Thé blanc & letchis;25cl;3€
Thé Glacé Maison;Thé blanc & letchis;1L;7€
Thé Glacé Maison;Thé vert & bissap;25cl;3€
Thé Glacé Maison;Thé vert & bissap;1L;7€
Thé Glacé Maison;Thé blanc gingembre ;25cl;3€
Thé Glacé Maison;Thé blanc gingembre ;1L;7€
Sirops Artisanaux;Sirop de Géranium;125ml;5€
Sirops Artisanaux;Sirop de Géranium;500ml/1L;10€
Sirops Artisanaux;Sirop de Citronnelle;125ml;5€
Sirops Artisanaux;Sirop de Citronnelle;500ml/1L;10€
Infusions;Infusion citronnelle ;Boîte 10;8€
Infusions;Infusion citronnelle ;Vrac Feuilles;4€
Infusions;Infusion géranium rosat ;Boîte 10;8€
Infusions;Infusion géranium rosat ;Vrac Feuilles;4€
Infusions;Infusion brisée ;Boîte 10;8€
Infusions;Infusion brisée ;Vrac Feuilles;4€
Infusions;Infusion géranium citronnelle ;Boîte 10;8€
Infusions;Infusion géranium citronnelle ;Vrac Feuilles;4€
Infusions;Infusion bissap ;Boîte 10;8€
Infusions;Infusion bissap ;Vrac Feuilles;4€
Infusions;Infusion cannelle ;Boîte 10;8€
Infusions;Infusion cannelle ;Vrac Feuilles;4€
Infusions;Infusion eucalyptus citronnelle ;Boîte 10;8€
Infusions;Infusion eucalyptus citronnelle ;Vrac Feuilles;4€
Infusions;Infusion ayapana ;Boîte 10;8€
Infusions;Infusion ayapana ;Vrac Feuilles;4€
Biscuiterie;Sablés au thé blanc;Unité;1€
Biscuiterie;Sablés au thé blanc;Paquet;4,50€
Biscuiterie;Sablés aypana;Unité;1€
Biscuiterie;Sablés aypana;Paquet;4,50€
Biscuiterie;Sablé au gingembre;Unité;1€
Biscuiterie;Sablé au gingembre;Paquet;4,50€
Biscuiterie;Sablé cannelle;Unité;1€
Biscuiterie;Sablé cannelle;Paquet;4,50€
Biscuiterie;Sablé géranium rosat;Unité;1€
Biscuiterie;Sablé géranium rosat;Paquet;4,50€
Biscuiterie;Sablé gingembre mangue;Unité;1€
Biscuiterie;Sablé gingembre mangue;Paquet;4,50€
Biscuiterie;Sablés au thé vert curcuma ;Unité;1€
Biscuiterie;Sablés au thé vert curcuma ;Paquet;4,50€
Biscuiterie;Sablés au thé blanc et vanille;Unité;1€
Biscuiterie;Sablés au thé blanc et vanille;Paquet;4,50€
Hydrolats Artisunaux;Hydrolat G Rosat;100ml;4€
Hydrolats Artisunaux;Hydrolat G Rosat;250ml;5.50€
Hydrolats Artisunaux;Hydrolat G Rosat;500ml;7€
Hydrolats Artisunaux;Hydrolat G Rosat;1L;9€
Accessoires & Partenaires;Boule à Thé;Prix;8.50€
Accessoires & Partenaires;Miel (125g);Prix;5€
Accessoires & Partenaires;Miel (250g);Prix;10€
Accessoires & Partenaires;Miel (500g);Prix;15€
Accessoires & Partenaires;Curcuma 40g;Prix;5€
Accessoires & Partenaires;Curcuma 100g;Prix;10€
Accessoires & Partenaires;BATKRUN;Prix;39.90€
Accessoires & Partenaires;MALOKI;Prix;12€
Accessoires & Partenaires;Madelaines;Prix;5.50€
